numero,NomPrenom,email,prix,adresse,description,rating,latitude,langitude
+86 832 273 2915,Xavier Currum,xcurrum0@disqus.com,77.53,83 Browning Junction,"Vestibulum quam sapien, varius ut, blandit non, interdum in, ante. Vestibulum ante ipsum primis in faucibus orci luctus et ultrices posuere cubilia Curae; Duis faucibus accumsan odio. Curabitur convallis.",1,45.38193,121.593799
+236 202 788 3621,Alyse Moulster,amoulster1@dmoz.org,66.29,83 Barnett Place,Duis aliquam convallis nunc. Proin at turpis a pede posuere nonummy. Integer non velit.,3,6.2716406,21.1950767
+420 215 572 2833,Brent Reburn,breburn2@amazon.co.uk,24.13,93125 Cherokee Place,"Proin leo odio, porttitor id, consequat in, consequat ut, nulla. Sed accumsan felis. Ut at dolor quis odio consequat varius.",5,49.6610036,16.3060863
+63 546 632 9045,Adolpho McLemon,amclemon3@comcast.net,43.45,9819 Drewry Pass,"Nam ultrices, libero non mattis pulvinar, nulla pede ullamcorper augue, a suscipit nulla elit ac nulla. Sed vel enim sit amet nunc viverra dapibus. Nulla suscipit ligula in lacus.",4,7.9712866,124.3443856
+359 158 242 9724,Kendricks Durgan,kdurgan4@theguardian.com,12.72,805 Redwing Street,"Nam ultrices, libero non mattis pulvinar, nulla pede ullamcorper augue, a suscipit nulla elit ac nulla. Sed vel enim sit amet nunc viverra dapibus. Nulla suscipit ligula in lacus.",2,43.5592985,25.9323591
+62 968 492 5600,Court Ferrant,cferrant5@infoseek.co.jp,81.48,70841 Corben Avenue,In congue. Etiam justo. Etiam pretium iaculis justo.,4,-7.9454654,113.0845936
+62 422 149 0915,Virginie Keetch,vkeetch6@bing.com,98.39,132 Autumn Leaf Point,Phasellus sit amet erat. Nulla tempus. Vivamus in felis eu sapien cursus vestibulum.,2,-6.9871199,107.8487279
+86 456 570 9721,Brandy Anthonies,banthonies7@opera.com,51.92,011 Scott Avenue,"Curabitur gravida nisi at nibh. In hac habitasse platea dictumst. Aliquam augue quam, sollicitudin vitae, consectetuer eget, rutrum at, lorem.",1,23.701262,117.430061
+86 872 325 2207,Lemmy Linnett,llinnett8@geocities.jp,55.27,173 Nelson Park,"Aenean fermentum. Donec ut mauris eget massa tempor convallis. Nulla neque libero, convallis eget, eleifend luctus, ultricies eu, nibh.",2,22.517585,113.39277
+1 385 930 6983,Courtnay Freeborn,cfreeborn9@csmonitor.com,47.58,01 Shoshone Junction,Fusce consequat. Nulla nisl. Nunc nisl.,2,45.0769115,-64.4944735
+62 455 924 9432,Shari Humby,shumbya@barnesandnoble.com,63.29,1 Manley Center,"Proin interdum mauris non ligula pellentesque ultrices. Phasellus id sapien in sapien iaculis congue. Vivamus metus arcu, adipiscing molestie, hendrerit at, vulputate vitae, nisl.",1,-7.6375159,111.9298922
+351 618 616 1854,Deva Filipovic,dfilipovicb@icio.us,77.94,25 Scoville Park,In quis justo. Maecenas rhoncus aliquam lacus. Morbi quis tortor id nulla ultrices aliquet.,3,41.4781837,-7.9642644
+55 137 829 4598,Clara Bayldon,cbayldonc@virginia.edu,54.70,099 Monument Pass,"Morbi non lectus. Aliquam sit amet diam in magna bibendum imperdiet. Nullam orci pede, venenatis non, sodales sed, tincidunt eu, felis.",5,-22.7106685,-43.5522256
+998 282 526 7091,Butch Sydry,bsydryd@cafepress.com,26.94,0107 Merrick Parkway,Suspendisse potenti. In eleifend quam a odio. In hac habitasse platea dictumst.,1,42.92952,59.78199
+60 634 239 0622,Carree Krinks,ckrinkse@cdc.gov,92.73,77 Lyons Place,"Quisque id justo sit amet sapien dignissim vestibulum. Vestibulum ante ipsum primis in faucibus orci luctus et ultrices posuere cubilia Curae; Nulla dapibus dolor vel est. Donec odio justo, sollicitudin ut, suscipit a, feugiat et, eros.",3,4.6096768,101.1064003
+850 897 570 7541,Theodoric Blonden,tblondenf@unblog.fr,60.02,800 Arrowood Hill,"Curabitur at ipsum ac tellus semper interdum. Mauris ullamcorper purus sit amet nulla. Quisque arcu libero, rutrum ac, lobortis vel, dapibus at, diam.",4,39.8286394,126.5151395
+234 612 169 7579,Matty Keigher,mkeigherg@elpais.com,31.24,90 Fallview Plaza,"Nam ultrices, libero non mattis pulvinar, nulla pede ullamcorper augue, a suscipit nulla elit ac nulla. Sed vel enim sit amet nunc viverra dapibus. Nulla suscipit ligula in lacus.",5,5.1744472,7.7145152
+380 838 111 4719,Chandal Searston,csearstonh@privacy.gov.au,90.50,59 Hudson Center,Cras non velit nec nisi vulputate nonummy. Maecenas tincidunt lacus at velit. Vivamus vel nulla eget eros elementum pellentesque.,3,50.9486162,30.8786768
+54 454 556 1237,Ainsley Ormiston,aormistoni@pbs.org,16.37,550 Scoville Circle,"Mauris enim leo, rhoncus sed, vestibulum sit amet, cursus id, turpis. Integer aliquet, massa id lobortis convallis, tortor risus dapibus augue, vel accumsan tellus nisi eu orci. Mauris lacinia sapien quis libero.",3,-38.977251,-67.826868
+55 343 273 3415,Moyna Goering,mgoeringj@photobucket.com,36.99,096 Fieldstone Plaza,"Maecenas tristique, est et tempus semper, est quam pharetra magna, ac consequat metus sapien ut nunc. Vestibulum ante ipsum primis in faucibus orci luctus et ultrices posuere cubilia Curae; Mauris viverra diam vitae quam. Suspendisse potenti.",2,-21.3699248,-45.5113164
+48 152 196 2233,Ella Timmins,etimminsk@bing.com,46.10,0 Saint Paul Place,Phasellus sit amet erat. Nulla tempus. Vivamus in felis eu sapien cursus vestibulum.,3,50.222479,19.772052
+63 485 895 2537,Ewart Ash,eashl@go.com,20.35,468 Katie Parkway,"Quisque porta volutpat erat. Quisque erat eros, viverra eget, congue eget, semper rutrum, nulla. Nunc purus.",3,7.1220009,124.5600318
+33 486 703 7213,Herb Cheater,hcheaterm@gnu.org,33.34,7 Longview Pass,"Curabitur at ipsum ac tellus semper interdum. Mauris ullamcorper purus sit amet nulla. Quisque arcu libero, rutrum ac, lobortis vel, dapibus at, diam.",5,48.3606958,-0.2717072
+420 991 685 7587,Toby Bagwell,tbagwelln@stanford.edu,35.01,1251 Little Fleur Junction,"Morbi non lectus. Aliquam sit amet diam in magna bibendum imperdiet. Nullam orci pede, venenatis non, sodales sed, tincidunt eu, felis.",3,49.4922202,18.3370739
+7 570 587 3600,Jdavie Yushmanov,jyushmanovo@addtoany.com,67.64,73 Truax Hill,Sed ante. Vivamus tortor. Duis mattis egestas metus.,3,67.6710067,53.1078339
+63 400 659 4779,Sibyl Travers,straversp@icio.us,73.88,71 American Parkway,Nullam porttitor lacus at turpis. Donec posuere metus vitae ipsum. Aliquam non mauris.,1,8.955271,126.009711
+972 764 780 5940,Keith Necrews,knecrewsq@zimbio.com,74.28,60 Dovetail Park,Suspendisse potenti. In eleifend quam a odio. In hac habitasse platea dictumst.,4,32.321458,34.853196
+372 172 353 6734,Helsa Tawn,htawnr@altervista.org,55.31,08102 1st Street,"Mauris enim leo, rhoncus sed, vestibulum sit amet, cursus id, turpis. Integer aliquet, massa id lobortis convallis, tortor risus dapibus augue, vel accumsan tellus nisi eu orci. Mauris lacinia sapien quis libero.",2,58.367135,25.5974276
+48 682 599 8406,Ignacio Stares,istaress@drupal.org,30.62,9 Moose Circle,Praesent id massa id nisl venenatis lacinia. Aenean sit amet justo. Morbi ut odio.,4,53.0418691,16.4616756
+54 799 825 9675,Hilly Stamps,hstampst@ed.gov,32.25,36 Northland Pass,Etiam vel augue. Vestibulum rutrum rutrum neque. Aenean auctor gravida sem.,2,-34.6342051,-58.4349355
